Item,Ref Des,Qty,Manufacturer,Mfg Part #,Description / Value,Package,Type,Your Instructions / Notes
1,"C1,C2",2,Murata,GRM155R71A104KA01J,100nF 10V,C_0402_1005Metric,?,; Unpolarized capacitor; 
2,D1,1,Wurth,150040VS73240,green,LED_0402_1005Metric,?,inexpensive green LED please; Light emitting diode; 
4,J1,1,Scondar Electronic Limited,SCT-WR-S-06P,Conn_01x06_MountingPin,JST_SH_SM06B-SRSS-TB_1x06-1MP_P1.00mm_Horizontal,?,JST SH_SM06B-SRSS-TB_1x06-1MP_P1.00mm_Horizontal or compatible
5,R1,1,Generic,Generic 1k Resistor,4.7k,R_0402_1005Metric,?,; Resistor; 
6,U1,1,Allegro Microsystems,A1334LLETR-T,A1334,TSSOP-14_4.4x5mm_P0.65mm,?,A1334LLETR-T or A1334LLETR-60-T or A1334LLETR-30-T;